run_id,sphere_type,sphere_diameter_cm,sphere_mass_kg,patch_id,patch_index,row,col,x_center_px,y_center_px,x_offset_px,y_offset_px,x_offset_frac,y_offset_frac,alpha_control,S_peak,long_lag_positive_auc,long_lag_signed_auc,decay_time_to_0p1_sec,fps,frames
steel_20260923_123807,steel,8.00000000,2.08000000,P1,0,0,0,1305.60000000,604.80000000,-614.40000000,-475.20000000,-0.16000000,-0.22000000,0.21941895,0.63038235,0.06351440,0.01850752,0.90090000,29.97002997,546
steel_20260923_123807,steel,8.00000000,2.08000000,P2,1,0,1,1920.00000000,604.80000000,0.00000000,-475.20000000,0.00000000,-0.22000000,0.03684968,0.58547850,0.04876267,-0.07116907,0.76743333,29.97002997,546
steel_20260923_123807,steel,8.00000000,2.08000000,P3,2,0,2,2534.40000000,604.80000000,614.40000000,-475.20000000,0.16000000,-0.22000000,0.19398229,0.61260494,0.06066423,0.01543654,0.53386667,29.97002997,546
steel_20260923_123807,steel,8.00000000,2.08000000,P4,3,1,0,1305.60000000,1080.00000000,-614.40000000,0.00000000,-0.16000000,0.00000000,-0.15309533,0.64901099,0.01583027,-0.05856685,0.46713333,29.97002997,546
steel_20260923_123807,steel,8.00000000,2.08000000,P5,4,1,1,1920.00000000,1080.00000000,0.00000000,0.00000000,0.00000000,0.00000000,0.00463882,0.72945936,0.07247143,0.03266301,0.73406667,29.97002997,546
steel_20260923_123807,steel,8.00000000,2.08000000,P6,5,1,2,2534.40000000,1080.00000000,614.40000000,0.00000000,0.16000000,0.00000000,0.10835001,0.66026704,0.11111325,0.09983565,0.76743333,29.97002997,546
steel_20260923_123807,steel,8.00000000,2.08000000,P7,6,2,0,1305.60000000,1555.20000000,-614.40000000,475.20000000,-0.16000000,0.22000000,0.15020068,0.60090174,0.13751000,0.13645817,0.86753333,29.97002997,546
steel_20260923_123807,steel,8.00000000,2.08000000,P8,7,2,1,1920.00000000,1555.20000000,0.00000000,475.20000000,0.00000000,0.22000000,-0.01068120,0.74430203,0.37886007,0.37886007,,29.97002997,546
steel_20260923_123807,steel,8.00000000,2.08000000,P9,8,2,2,2534.40000000,1555.20000000,614.40000000,475.20000000,0.16000000,0.22000000,0.17674348,0.75911616,0.05168157,0.02636850,0.73406667,29.97002997,546
