run_id,sphere_type,patch_id,S_peak,long_lag_positive_auc,long_lag_signed_auc,decay_time_to_0p1_sec
steel_20260923_123807,steel,P1,0.63038235,0.06351440,0.01850752,0.90090000
steel_20260923_123807,steel,P2,0.58547850,0.04876267,-0.07116907,0.76743333
steel_20260923_123807,steel,P3,0.61260494,0.06066423,0.01543654,0.53386667
steel_20260923_123807,steel,P4,0.64901099,0.01583027,-0.05856685,0.46713333
steel_20260923_123807,steel,P5,0.72945936,0.07247143,0.03266301,0.73406667
steel_20260923_123807,steel,P6,0.66026704,0.11111325,0.09983565,0.76743333
steel_20260923_123807,steel,P7,0.60090174,0.13751000,0.13645817,0.86753333
steel_20260923_123807,steel,P8,0.74430203,0.37886007,0.37886007,
steel_20260923_123807,steel,P9,0.75911616,0.05168157,0.02636850,0.73406667
