lag_index,lag_sec,P1,P2,P3,P4,P5,P6,P7,P8,P9
0,0.00000000,1.00000000,1.00000000,1.00000000,1.00000000,1.00000000,1.00000000,1.00000000,1.00000000,1.00000000
1,0.03336667,0.83211087,0.87276004,0.80865428,0.86962221,0.88560271,0.82456712,0.88633754,0.89605048,0.84681305
2,0.06673333,0.73999676,0.78077059,0.72685496,0.81219176,0.82080079,0.75214201,0.82986635,0.83880248,0.76733974
3,0.10010000,0.64229044,0.71427744,0.66472422,0.75871428,0.76887232,0.68631965,0.78208608,0.79697139,0.70069765
4,0.13346667,0.54672831,0.65644109,0.59492078,0.70905845,0.70959391,0.65734081,0.72561778,0.75430813,0.63018724
5,0.16683333,0.45688850,0.62968739,0.54044338,0.67067367,0.65534503,0.62207711,0.68433789,0.71311258,0.57965056
6,0.20020000,0.37561904,0.60723049,0.50416682,0.63354838,0.62062437,0.58682549,0.62829178,0.68292956,0.50158560
7,0.23356667,0.31745956,0.58235836,0.47727803,0.58709684,0.59974701,0.56492753,0.58489597,0.64633968,0.46139664
8,0.26693333,0.24702079,0.55335131,0.44523223,0.54602064,0.58191061,0.54235738,0.55746263,0.61135864,0.43757290
9,0.30030000,0.20827168,0.52541491,0.40342547,0.50602904,0.55535502,0.51304786,0.52455147,0.57877488,0.42012802
10,0.33366667,0.16770768,0.51024278,0.38717439,0.45389124,0.54340562,0.49566696,0.50362212,0.54292634,0.40862644
11,0.36703333,0.15080299,0.49430815,0.36442929,0.40460304,0.52799372,0.47241100,0.48035706,0.50334074,0.40346493
12,0.40040000,0.13565795,0.46396894,0.33565149,0.37341553,0.49506772,0.45862612,0.46112236,0.47159314,0.39029012
13,0.43376667,0.13810842,0.44258464,0.28555549,0.33351438,0.47574542,0.45606553,0.45280959,0.43495930,0.38680884
14,0.46713333,0.12260167,0.43591960,0.24963863,0.28636238,0.45018706,0.45567256,0.42774941,0.39484380,0.38487793
15,0.50050000,0.10377362,0.42877595,0.22545795,0.25514694,0.43423694,0.44426128,0.40644357,0.36295977,0.37566410
16,0.53386667,0.08365926,0.41873439,0.19175512,0.21809657,0.41524521,0.42106933,0.39891935,0.34280324,0.37211327
17,0.56723333,0.09232876,0.41011352,0.17713255,0.19489411,0.40347828,0.40030498,0.38172659,0.31869255,0.35647900
18,0.60060000,0.09655529,0.38869804,0.14510112,0.16175044,0.39540658,0.38502726,0.35892691,0.28559398,0.34829239
19,0.63396667,0.11019993,0.36689239,0.12557576,0.13681628,0.38836693,0.36145428,0.33306691,0.26545488,0.34240438
20,0.66733333,0.12406457,0.36520370,0.11872428,0.10435131,0.37898852,0.34949838,0.29776193,0.24827627,0.34617666
21,0.70070000,0.13470105,0.35612664,0.11944179,0.09136578,0.37595149,0.31315495,0.27727514,0.23970159,0.35783439
22,0.73406667,0.13056862,0.35138897,0.11671256,0.05496182,0.37575569,0.30930686,0.25619216,0.23173259,0.37004100
23,0.76743333,0.13910765,0.35096656,0.11096700,0.03878300,0.37836615,0.30095302,0.23592206,0.22567758,0.35942568
24,0.80080000,0.13035681,0.32724475,0.08856985,0.01189988,0.38399416,0.29381773,0.22334938,0.21426659,0.38012437
25,0.83416667,0.11098620,0.29438968,0.07501598,0.00185094,0.38232113,0.27356343,0.20965582,0.20407632,0.40233882
26,0.86753333,0.08675961,0.25940384,0.07714243,-0.00343810,0.38944904,0.25890704,0.20185047,0.19548956,0.40658783
27,0.90090000,0.04217354,0.23946366,0.07615027,-0.04712728,0.39183462,0.26366206,0.19112496,0.19498517,0.42720834
28,0.93426667,0.02580029,0.22225846,0.06402188,-0.06891951,0.38355496,0.27829130,0.18406898,0.19687423,0.42458980
29,0.96763333,-0.01059720,0.21410957,0.06191050,-0.07144518,0.39109381,0.27155119,0.18314256,0.21238501,0.41132980
30,1.00100000,-0.02179567,0.21066470,0.05409047,-0.06939617,0.38859198,0.26392824,0.17155077,0.21314620,0.39973253
31,1.03436667,-0.03368154,0.21482805,0.04731638,-0.06083323,0.39361030,0.27266444,0.17304894,0.21428185,0.38141372
32,1.06773333,-0.05747221,0.21987452,0.03378996,-0.04578552,0.39447479,0.27026022,0.16072488,0.21875522,0.38272128
33,1.10110000,-0.08365728,0.21226015,0.03470069,-0.04703170,0.39574642,0.25794782,0.14748334,0.21151028,0.37976358
34,1.13446667,-0.09636130,0.19047901,0.01587251,-0.04037744,0.38180778,0.24739701,0.13816775,0.21739676,0.38787178
35,1.16783333,-0.10964336,0.16546985,-0.00565095,-0.03452129,0.38080932,0.23373126,0.13161150,0.21859970,0.38648112
36,1.20120000,-0.12351217,0.13681674,-0.03485046,-0.02661546,0.36571968,0.23603767,0.12689992,0.22292948,0.38583891
37,1.23456667,-0.11805006,0.11996614,-0.04644460,-0.01774091,0.35382854,0.22262944,0.11035195,0.23068524,0.37474332
38,1.26793333,-0.11448338,0.11388205,-0.07810314,-0.00248678,0.35434944,0.21468611,0.09957082,0.23559145,0.37491083
39,1.30130000,-0.10660380,0.12222015,-0.09659150,-0.00816497,0.35628360,0.18499483,0.09405097,0.23141391,0.35129889
40,1.33466667,-0.10741431,0.12520709,-0.10360646,0.01216846,0.35958452,0.18827790,0.09266660,0.24588180,0.32022971
41,1.36803333,-0.09803393,0.12483209,-0.10133031,0.01469575,0.37095671,0.16970224,0.08631447,0.26580405,0.30577426
42,1.40140000,-0.09903645,0.12414761,-0.11000192,0.00796591,0.37820026,0.16261837,0.07356261,0.27896918,0.29159229
43,1.43476667,-0.09270559,0.12095618,-0.10452545,0.01972977,0.37640057,0.15796074,0.07905865,0.28890960,0.28966424
44,1.46813333,-0.07254383,0.11822242,-0.11272924,0.00655271,0.37828424,0.15281110,0.07437480,0.29686242,0.27575204
45,1.50150000,-0.07612725,0.11044835,-0.12785384,-0.01317719,0.36902779,0.14082065,0.07769916,0.30340639,0.27709523
46,1.53486667,-0.06898483,0.12151927,-0.14881282,-0.01481246,0.36952365,0.14296767,0.07646385,0.31823140,0.26448483
47,1.56823333,-0.04557338,0.12496837,-0.16383963,-0.00981606,0.36499638,0.14305195,0.07838986,0.31252991,0.27374665
48,1.60160000,-0.04040035,0.13171717,-0.16725056,-0.01173394,0.36390111,0.13854481,0.08530659,0.31234931,0.28804829
49,1.63496667,-0.03730065,0.13382050,-0.16098696,0.00084345,0.36395131,0.15408942,0.07588573,0.30231495,0.31067068
50,1.66833333,-0.04254852,0.14268224,-0.16054331,-0.00005638,0.36770055,0.15917487,0.07082949,0.30148358,0.30721185
51,1.70170000,-0.03395393,0.15246211,-0.17979779,-0.00987540,0.36032929,0.16844697,0.05552540,0.29158297,0.28326393
52,1.73506667,-0.02776649,0.16966274,-0.17571274,-0.02247242,0.35276787,0.14392701,0.04066205,0.28787349,0.28497601
53,1.76843333,-0.01962559,0.18123003,-0.17607815,-0.01452276,0.35591677,0.12662876,0.02974869,0.28436864,0.25964139
54,1.80180000,-0.03203489,0.17756143,-0.16644855,-0.03427727,0.34667057,0.15068669,0.02302002,0.27302701,0.24031455
55,1.83516667,-0.02884980,0.17898587,-0.16388732,-0.02305723,0.34378091,0.14765454,0.01397727,0.25344055,0.23257708
56,1.86853333,-0.05910568,0.17956160,-0.15870436,-0.01285616,0.34071808,0.17907590,0.00821805,0.24041255,0.22810243
57,1.90190000,-0.07492000,0.18229523,-0.15352755,-0.00768366,0.33236826,0.18935076,0.00099675,0.23957809,0.21566127
58,1.93526667,-0.11748140,0.18401419,-0.15759445,0.00027687,0.32503140,0.19067766,-0.00739349,0.22325829,0.19559440
59,1.96863333,-0.12975458,0.17908655,-0.12297517,-0.00123617,0.31832548,0.20623782,-0.00778378,0.21433727,0.21384019
60,2.00200000,-0.14542273,0.17492370,-0.09179503,-0.00344364,0.30439393,0.20807135,-0.01353867,0.20287086,0.23168098
