center_offset_x,center_offset_y,radial_aligned_count,mean_radiality,mean_speed_px,inward_fraction,outward_fraction,left_right_balance_min_over_max,sector_entropy_normalized,sector_cv,empty_sector_count,near_ring_fraction,near_ring_count,angular_coverage_fraction,angular_entropy_normalized,angular_cv,radial_shell_coverage_fraction,radial_shell_entropy_normalized,sphere_centered_radial_organization_index
0,0,78,0.89710660375044,5.740360829902973,0.6153846153846154,0.38461538461538464,0.08333333333333333,0.7096293328266848,1.0049188688341244,0,0.41025641025641024,32,0.3333333333333333,0.6127007359433103,1.5858098560067926,0.6666666666666666,0.786927981086562,0.34199948659901036
-80,0,74,0.9119639719620052,5.4877840006779435,0.6351351351351351,0.36486486486486486,0.04225352112676056,0.6473223231689693,1.079390570146803,1,0.02702702702702703,2,0.16666666666666666,0.2952906672751673,2.330131024571956,0.5,0.6203076377570435,0.15428669726067645
80,0,69,0.9006401284142146,5.858155387833581,0.5072463768115942,0.4927536231884058,0.09523809523809523,0.7126732171822742,1.017490395273513,0,0.7101449275362319,49,0.75,0.8776089557339203,0.7210053892076956,0.6666666666666666,0.7350302344500935,0.4480841188353741
0,-60,68,0.9068572665444384,5.789238423689109,0.5,0.5,0.014925373134328358,0.6069143097423745,1.0922026251545376,2,0.19117647058823528,13,0.3333333333333333,0.48501315456982896,1.7900145946709336,0.6666666666666666,0.731827689636443,0.2223425330678395
0,60,77,0.9283169382686858,5.384861882769826,0.6233766233766234,0.37662337662337664,0.08450704225352113,0.689745560667249,1.0621598301606407,0,0.33766233766233766,26,0.3333333333333333,0.5427630475718338,1.641252231838264,0.8333333333333334,0.8112767120593543,0.3318343202265432
-80,-60,75,0.9011653225525148,5.644723735600789,0.52,0.48,0.041666666666666664,0.651079490647757,1.060062891216051,1,0.04,3,0.25,0.4066605349809504,2.0144809091508744,0.3333333333333333,0.498083037216448,0.16908839296037842
-80,60,76,0.9302782863049465,5.428063169984599,0.631578947368421,0.3684210526315789,0.07042253521126761,0.6936245938307544,1.0350505494366915,0,0.039473684210526314,3,0.25,0.40196666981450124,2.0791139173793347,0.6666666666666666,0.5609675135550843,0.20331783028454883
80,-60,83,0.9199206910531782,6.035616782011156,0.4578313253012048,0.5421686746987951,0.0375,0.6505830151957007,1.0520632046128302,1,0.5662650602409639,47,0.5,0.6785868898108336,1.3230539545250637,0.8333333333333334,0.8622567429496862,0.36145432642919495
80,60,80,0.9154817150751768,5.260817876797607,0.5625,0.4375,0.08108108108108109,0.7049429106770504,1.0133484099755619,0,0.65,52,0.6666666666666666,0.7919797194724315,1.0105691465703868,0.6666666666666666,0.737706687095394,0.4262977426722238
