lag_sec,steel_mean_acf,steel_sd_acf,tungsten_mean_acf,tungsten_sd_acf
0.00000000,1.00000000,0.00000000,1.00000000,0.00000000
0.03336667,0.80813120,0.00443547,0.82083252,0.02663846
0.06673334,0.72974105,0.00475389,0.73160316,0.04042301
0.10010001,0.65747988,0.00699763,0.66061810,0.04734342
0.13346668,0.59254961,0.00529118,0.59145608,0.05422736
0.16683335,0.53059707,0.00845206,0.53478550,0.06203428
0.20020002,0.47975450,0.00977867,0.48515515,0.06487021
0.23356669,0.43094818,0.01153849,0.44190614,0.06725348
0.26693336,0.38902878,0.00906386,0.40783634,0.06633241
0.30030003,0.35202554,0.01224301,0.37696890,0.06569523
0.33366670,0.31511507,0.01051473,0.34215046,0.07309746
0.36703337,0.28291014,0.01312319,0.31546453,0.07672913
0.40040004,0.25318817,0.01694067,0.29244771,0.07498888
0.43376671,0.22788455,0.01893847,0.26868106,0.07668868
0.46713338,0.20557365,0.02007855,0.24575182,0.07754354
0.50050005,0.18328617,0.02058069,0.23052589,0.07435456
0.53386672,0.16526615,0.01963182,0.21394275,0.07194218
0.56723339,0.15016689,0.02645362,0.19773598,0.07438571
0.60060006,0.12945823,0.02477467,0.18292637,0.07051457
0.63396673,0.11320158,0.02618511,0.16891450,0.06819526
0.66733340,0.10025828,0.02757228,0.16015893,0.06619220
0.70070007,0.08446274,0.02882627,0.15085421,0.06742773
0.73406674,0.07145569,0.03200077,0.13952857,0.07048077
0.76743341,0.05573813,0.03206263,0.13251313,0.07242145
0.80080008,0.04703390,0.03242557,0.12847535,0.07165419
0.83416675,0.03973356,0.02856233,0.11545921,0.07509068
0.86753342,0.03320295,0.03049124,0.10438813,0.07799731
0.90090009,0.02983970,0.03110834,0.09722376,0.07739462
0.93426676,0.02683356,0.03087357,0.08898812,0.07909147
0.96763343,0.02115343,0.03270518,0.08477362,0.08060669
1.00100010,0.01548414,0.03283707,0.08153978,0.08164208
1.03436677,0.01168476,0.03347606,0.07368521,0.08620074
1.06773344,0.00960237,0.02557233,0.07192485,0.08639766
1.10110011,0.00593040,0.02639851,0.07120305,0.08310857
1.13446678,0.00170348,0.02403038,0.06532729,0.07995590
1.16783345,-0.00023208,0.02034205,0.06271108,0.07683829
1.20120012,-0.00053632,0.01868420,0.06009170,0.07029269
1.23456679,-0.00392719,0.01910138,0.05558830,0.06833593
1.26793346,-0.00800717,0.01626408,0.05691494,0.06443159
1.30130013,-0.00833967,0.02009613,0.05454843,0.05974311
1.33466680,-0.00794377,0.01588933,0.05232639,0.06083866
1.36803347,-0.00536428,0.01751581,0.05149553,0.06359588
1.40140014,-0.00644746,0.01649222,0.05151880,0.06360496
1.43476681,-0.00414582,0.01021804,0.04907550,0.06455919
1.46813348,-0.00242889,0.00999618,0.04520840,0.06909929
1.50150015,-0.00037563,0.01433797,0.04462163,0.06717060
1.53486682,0.00356879,0.01713771,0.04220798,0.06527162
1.56823349,0.00644496,0.01805937,0.04007584,0.06536951
1.60160016,0.00910630,0.02080226,0.04101835,0.06495653
1.63496683,0.00993093,0.02244801,0.03940719,0.06788173
1.66833350,0.00822433,0.02534683,0.03998684,0.06897269
1.70170017,0.00861279,0.02579059,0.03972066,0.06496951
1.73506684,0.00873648,0.02198963,0.03354978,0.06354567
1.76843351,0.01133532,0.01853901,0.03287891,0.06026131
1.80180018,0.01219513,0.01957543,0.03361950,0.05709688
1.83516685,0.01181806,0.02424071,0.02892949,0.05927119
1.86853352,0.01057895,0.02459496,0.02854195,0.06080797
1.90190019,0.01169407,0.02965039,0.02793024,0.06291189
1.93526686,0.01269836,0.02956220,0.02220667,0.06219793
1.96863353,0.01043613,0.03134252,0.02260405,0.06355715
2.00200020,0.01257574,0.03138361,0.02211448,0.06258871
