sphere_type,patch_id,n_runs,mean_S_peak,sd_S_peak,mean_long_lag_positive_AUC,sd_long_lag_positive_AUC,mean_long_lag_signed_AUC,sd_long_lag_signed_AUC,mean_decay_time_to_0p1_sec,sd_decay_time_to_0p1_sec
steel,P1,4,0.70147468,0.05330200,0.05684615,0.03720733,-0.02259400,0.11117260,0.72572500,0.22854746
steel,P2,4,0.66508986,0.06336795,0.07609920,0.03645231,0.02120967,0.07114432,0.75909167,0.22195731
steel,P3,4,0.67710817,0.05894493,0.10557958,0.05248989,0.07446536,0.07753123,0.85085000,0.28115253
steel,P4,4,0.61982913,0.11087468,0.06524129,0.05184456,0.04187991,0.08146785,0.55055000,0.21538091
steel,P5,4,0.64737243,0.09097995,0.07282077,0.06938366,0.03272535,0.09763451,0.72572500,0.21858775
steel,P6,4,0.61292247,0.03636913,0.09385388,0.07963213,0.07017722,0.10102956,0.86753333,0.71303768
steel,P7,4,0.57014090,0.04219962,0.06551507,0.05511166,0.01884911,0.08495863,0.69235833,0.22854746
steel,P8,4,0.71666752,0.02588079,0.15661078,0.17558168,0.10065746,0.23654846,0.77855555,0.42512503
steel,P9,4,0.70671395,0.05525730,0.07133872,0.01633081,0.04889606,0.02587087,0.70070000,0.06673334
tungsten,P1,4,0.61286914,0.07591303,0.03372691,0.03272752,-0.02895732,0.04005217,0.57557500,0.17734627
tungsten,P2,4,0.70105162,0.03090551,0.20074001,0.20205889,0.16178418,0.24592427,0.61728333,0.11796898
tungsten,P3,4,0.61185418,0.10077672,0.14245410,0.08222914,0.11444329,0.12308575,1.15949167,0.36385989
tungsten,P4,4,0.67357477,0.06161146,0.08635681,0.09524024,0.03194276,0.13845672,0.85085000,0.37404415
tungsten,P5,4,0.66572689,0.08259857,0.17622793,0.24813118,0.14307565,0.27055158,0.65621111,0.16794187
tungsten,P6,4,0.63007133,0.07709767,0.15023010,0.12859660,0.12655129,0.14880032,0.44488889,0.12632416
tungsten,P7,4,0.67599014,0.09583333,0.09275894,0.08589813,0.03023192,0.14826861,0.73406667,0.38624709
tungsten,P8,4,0.70713578,0.06726852,0.24847324,0.14626098,0.24411231,0.15271791,0.86753334,0.23593797
tungsten,P9,4,0.66728927,0.06637371,0.23867885,0.22558030,0.22495373,0.24308328,0.75075000,0.25953176
