t0,t1,x,y,rx_from_center,ry_from_center,r_from_center_px,theta_deg,dx,dy,speed_px,radial_component,radiality,radial_aligned,direction_label,sector,corr
0,15,270,110,35.0,-22.0,41.340053217188775,-32.15229514128234,8,-8,11.313708498984761,11.030464755434805,0.9749645535258953,True,outward,right_middle,0.7823672294616699
0,15,250,140,15.0,8.0,17.0,28.072486935852957,5,3,5.830951894845301,5.823529411764706,0.9987270546534337,True,outward,right_middle,0.6653136014938354
0,15,220,160,-15.0,28.0,31.76476034853718,118.17859010995917,0,-1,1.0,-0.8814799700287821,0.8814799700287821,True,inward,left_middle,0.6710869073867798
0,15,280,210,45.0,78.0,90.0499861188218,60.01836063115067,-6,-3,6.708203932499369,-5.596891479083264,0.8343353206613013,True,inward,right_lower,0.5516697764396667
15,30,340,70,105.0,-62.0,121.93850909372314,-30.560839267371534,4,-3,5.0,4.969717970999813,0.9939435941999626,True,outward,right_upper,0.5916709899902344
15,30,260,140,25.0,8.0,26.248809496813376,17.744671625056935,2,0,2.0,1.9048482943986482,0.9524241471993241,True,outward,right_middle,0.7801200151443481
15,30,270,170,35.0,38.0,51.66236541235796,47.35329686610831,5,1,5.0990195135927845,4.122923878918039,0.8085718966023361,True,outward,right_middle,0.7114343047142029
60,75,240,60,5.0,-72.0,72.17340230306452,-86.02750405924934,-5,-7,8.602325267042627,6.636793953382206,0.7715116259099388,True,outward,right_upper,0.6884890198707581
60,75,250,80,15.0,-52.0,54.120236510939236,-73.90918365114783,-7,7,9.899494936611665,-8.665889697381528,0.8753870528618739,True,inward,right_upper,0.6136064529418945
75,90,240,60,5.0,-72.0,72.17340230306452,-86.02750405924934,-5,-7,8.602325267042627,6.636793953382206,0.7715116259099388,True,outward,right_upper,0.7092314958572388
75,90,350,70,115.0,-62.0,130.64838307457157,-28.33045808554007,-7,-1,7.0710678118654755,-5.687020248661708,0.8042661165147799,True,inward,right_upper,0.614337146282196
75,90,310,90,75.0,-42.0,85.95929269136641,-29.248826336546973,-8,1,8.06225774829855,-7.468651496529604,0.926372206111344,True,inward,right_middle,0.6615954041481018
75,90,330,110,95.0,-22.0,97.51410154434076,-13.03865658302297,-6,-2,6.324555320336759,-5.394091640795376,0.8528807746294108,True,inward,right_middle,0.6390169858932495
75,90,240,120,5.0,-12.0,13.0,-67.38013505195957,7,-8,10.63014581273465,10.076923076923077,0.9479571827557788,True,outward,right_middle,0.6171492338180542
75,90,250,120,15.0,-12.0,19.209372712298546,-38.65980825409009,7,-8,10.63014581273465,10.463642046536606,0.9843366432473036,True,outward,right_middle,0.6537129282951355
75,90,370,120,135.0,-12.0,135.5322839769182,-5.07960786001457,-1,0,1.0,-0.9960726406926866,0.9960726406926866,True,inward,right_middle,0.745598316192627
75,90,270,150,35.0,18.0,39.35733730830886,27.216111557307478,-1,-2,2.23606797749979,-1.8039838275596698,0.806766093746736,True,inward,right_middle,0.6719826459884644
75,90,280,190,45.0,58.0,73.40980860893181,52.193470055295535,0,-8,8.0,-6.320681238549706,0.7900851548187132,True,inward,right_lower,0.6471368670463562
90,105,280,170,45.0,38.0,58.89821729050889,40.17923392190735,-3,-2,3.605551275463989,-3.582451383193247,0.9935932426123188,True,inward,right_middle,0.6821228861808777
105,120,350,60,115.0,-72.0,135.67977004697494,-32.050145526721174,-3,5,5.830951894845301,-5.196058334679632,0.8911166527154976,True,inward,right_upper,0.7104057669639587
105,120,380,60,145.0,-72.0,161.8919392681427,-26.406775945663863,-4,4,5.656854249492381,-5.361601102092711,0.9478061243267555,True,inward,right_upper,0.6889862418174744
105,120,260,110,25.0,-22.0,33.301651610693426,-41.34777721969367,8,-8,11.313708498984761,11.29073129451824,0.9979690828636266,True,outward,right_middle,0.8220651149749756
105,120,270,110,35.0,-22.0,41.340053217188775,-32.15229514128234,-7,-1,7.0710678118654755,-5.394284299258688,0.7628670015307883,True,inward,right_middle,0.7927737236022949
105,120,280,120,45.0,-12.0,46.57252408878007,-14.931417178137554,-6,8,10.0,-7.858710842090137,0.7858710842090136,True,inward,right_middle,0.7227075099945068
105,120,350,140,115.0,8.0,115.27792503337315,3.9793824526782045,-5,-1,5.0990195135927845,-5.057342937350933,0.9918265509416563,True,inward,right_middle,0.6311114430427551
105,120,280,170,45.0,38.0,58.89821729050889,40.17923392190735,-4,-1,4.123105625617661,-3.701300481213876,0.8976972256584874,True,inward,right_middle,0.6373338103294373
105,120,250,210,15.0,78.0,79.42921376924235,79.11447294534128,3,4,5.0,4.494567968872963,0.8989135937745927,True,outward,right_lower,0.6291669011116028
120,135,250,50,15.0,-82.0,83.3606621854697,-79.63367739654952,1,6,6.082762530298219,-5.722123451211549,0.9407113006154147,True,inward,right_upper,0.6267174482345581
120,135,230,60,-5.0,-72.0,72.17340230306452,-93.97249594075066,5,-8,9.433981132056603,7.634391374349886,0.8092438671949721,True,outward,left_upper,0.6485493183135986
120,135,320,70,85.0,-62.0,105.20931517693668,-36.10745129175187,-2,1,2.23606797749979,-2.20512793577101,0.9861631926935537,True,inward,right_upper,0.5576971173286438
120,135,310,90,75.0,-42.0,85.95929269136641,-29.248826336546973,-4,3,5.0,-4.95583417059441,0.991166834118882,True,inward,right_middle,0.5662686824798584
150,165,220,40,-15.0,-92.0,93.2148056909416,-99.26022153117148,-1,-7,7.0710678118654755,7.069692363946429,0.9998054822898547,True,outward,left_upper,0.7312249541282654
150,165,220,190,-15.0,58.0,59.90826320300064,104.50016676655257,3,-6,6.708203932499369,-6.56002993557516,0.9779115246919748,True,inward,left_lower,0.6007327437400818
165,180,250,140,15.0,8.0,17.0,28.072486935852957,6,7,9.219544457292887,8.588235294117647,0.9315249071036412,True,outward,right_middle,0.7052944898605347
165,180,250,220,15.0,88.0,89.26925562588724,80.32664456759652,0,-2,2.0,-1.9715634320687856,0.9857817160343928,True,inward,right_lower,0.6930093765258789
180,195,320,60,85.0,-72.0,111.39569111954016,-40.26656166942452,3,-4,5.0,4.874515293570015,0.9749030587140031,True,outward,right_upper,0.6451553702354431
180,195,330,60,95.0,-72.0,119.20151005754919,-37.15829678489694,7,-8,10.63014581273465,10.410941936900453,0.9793790339572205,True,outward,right_upper,0.6413303017616272
180,195,380,80,145.0,-52.0,154.042202009709,-19.728883988274927,1,0,1.0,0.9413004884912053,0.9413004884912053,True,outward,right_upper,0.748464822769165
180,195,310,90,75.0,-42.0,85.95929269136641,-29.248826336546973,-2,5,5.385164807134504,-4.188028876558656,0.7776974385278183,True,inward,right_middle,0.5953471064567566
180,195,360,110,125.0,-22.0,126.92123541787639,-9.981829287733165,-5,4,6.4031242374328485,-5.617657263203543,0.8773306677953485,True,inward,right_middle,0.5995511412620544
180,195,280,120,45.0,-12.0,46.57252408878007,-14.931417178137554,-2,3,3.605551275463989,-2.7054578308834896,0.7503589948350773,True,inward,right_middle,0.7032549977302551
180,195,260,130,25.0,-2.0,25.079872407968907,-4.573921259900861,5,0,5.0,4.984076392680625,0.996815278536125,True,outward,right_middle,0.6345045566558838
180,195,280,130,45.0,-2.0,45.044422518220834,-2.5448043798130953,-3,1,3.1622776601683795,-3.0414420330193463,0.9617884195714177,True,inward,right_middle,0.7606948018074036
180,195,280,140,45.0,8.0,45.70557952810576,10.08059798754232,-3,-3,4.242640687119285,-3.4787875275102036,0.8199580836698828,True,inward,right_middle,0.6713870167732239
180,195,330,140,95.0,8.0,95.33624704172071,4.813550893706532,-1,0,1.0,-0.9964730409245754,0.9964730409245754,True,inward,right_middle,0.6066352725028992
180,195,210,150,-25.0,18.0,30.805843601498726,144.24611274556327,4,-6,7.211102550927978,-6.751965720876433,0.9363291775690445,True,inward,left_middle,0.6569960713386536
180,195,220,150,-15.0,18.0,23.430749027719962,129.8055710922652,1,-5,5.0990195135927845,-4.48129079765136,0.8788534316656946,True,inward,left_middle,0.6853164434432983
180,195,240,150,5.0,18.0,18.681541692269406,74.47588900324574,3,3,4.242640687119285,3.6934853202481057,0.8705628387201343,True,outward,right_middle,0.6717231273651123
180,195,300,180,65.0,48.0,80.80222769206304,36.44444175658711,-1,0,1.0,-0.8044332669603459,0.8044332669603459,True,inward,right_lower,0.6461948156356812
180,195,270,190,35.0,58.0,67.7421582177598,58.891191171454864,0,-1,1.0,-0.8561876610656063,0.8561876610656063,True,inward,right_lower,0.6453403234481812
180,195,330,190,95.0,58.0,111.30588483993108,31.40516366592503,4,0,4.0,3.414015355490662,0.8535038388726655,True,outward,right_lower,0.6215642690658569
180,195,270,200,35.0,68.0,76.47875521999558,62.76485330069748,0,-1,1.0,-0.889135810388049,0.889135810388049,True,inward,right_lower,0.6906562447547913
180,195,250,230,15.0,98.0,99.14131328563285,81.29777621005321,-2,-3,3.605551275463989,-3.268062417798865,0.9063974322146636,True,inward,right_lower,0.681399405002594
180,195,260,230,25.0,98.0,101.13851887386922,75.68895873739359,-2,-3,3.605551275463989,-3.4012758326924444,0.9433441859053143,True,inward,right_lower,0.7112789154052734
195,210,260,70,25.0,-62.0,66.85057965343307,-68.03943597990354,-2,-8,8.246211251235321,6.671595105265418,0.8090497444224438,True,outward,right_upper,0.6529902219772339
195,210,270,80,35.0,-52.0,62.68173577685928,-56.05641298024819,0,2,2.0,-1.6591754952388302,0.8295877476194151,True,inward,right_upper,0.6521181464195251
195,210,300,90,65.0,-42.0,77.38862965578342,-32.868678933367505,-5,2,5.385164807134504,-5.285014114078379,0.9814024831842768,True,inward,right_middle,0.8064387440681458
195,210,310,90,75.0,-42.0,85.95929269136641,-29.248826336546973,-8,5,9.433981132056603,-9.423064972256977,0.9988428893754586,True,inward,right_middle,0.6005685329437256
195,210,320,100,85.0,-32.0,90.82400563727631,-20.62987994612618,-8,-2,8.246211251235321,-6.782347857020513,0.8224804883581518,True,inward,right_middle,0.7251356244087219
195,210,240,110,5.0,-22.0,22.561028345356956,-77.19573393471325,2,-8,8.246211251235321,8.244305053509613,0.9997688395715764,True,outward,right_middle,0.7099058032035828
195,210,280,110,45.0,-22.0,50.08991914547278,-26.05349531049095,8,-8,11.313708498984761,10.700755943393148,0.9458221364244432,True,outward,right_middle,0.6542847156524658
195,210,320,110,85.0,-22.0,87.80091115700337,-14.511059500169067,-2,-1,2.23606797749979,-1.6856317098503697,0.7538374176509257,True,inward,right_middle,0.7869397401809692
195,210,330,110,95.0,-22.0,97.51410154434076,-13.03865658302297,-2,1,2.23606797749979,-2.174044539636159,0.9722622753477376,True,inward,right_middle,0.5989243388175964
195,210,350,110,115.0,-22.0,117.08543888972702,-10.830079543407003,4,-1,4.123105625617661,4.116651947249867,0.9984347530832838,True,outward,right_middle,0.5922704935073853
195,210,250,140,15.0,8.0,17.0,28.072486935852957,-1,-1,1.4142135623730951,-1.3529411764705883,0.9566738804288584,True,inward,right_middle,0.7064255475997925
195,210,280,140,45.0,8.0,45.70557952810576,10.08059798754232,-3,-2,3.605551275463989,-3.303754192792709,0.9162965495110196,True,inward,right_middle,0.680335283279419
195,210,310,150,75.0,18.0,77.12976079309465,13.495733280795811,1,0,1.0,0.9723873019805175,0.9723873019805175,True,outward,right_middle,0.5598323345184326
195,210,260,160,25.0,28.0,37.53664875824692,48.239700296102136,-1,-2,2.23606797749979,-2.1578910925606816,0.9650382342013949,True,inward,right_middle,0.6802040338516235
195,210,370,180,135.0,48.0,143.27944723511465,19.573125830410195,-4,1,4.123105625617661,-3.4338490934617565,0.8328307361631925,True,inward,right_lower,0.7196192145347595
195,210,260,230,25.0,98.0,101.13851887386922,75.68895873739359,0,-5,5.0,-4.844840575637493,0.9689681151274986,True,inward,right_lower,0.6174446940422058
210,225,290,40,55.0,-92.0,107.18675291284833,-59.12791663691969,-5,5,7.0710678118654755,-6.857190651139657,0.9697532018619697,True,inward,right_upper,0.5782511830329895
240,255,270,170,35.0,38.0,51.66236541235796,47.35329686610831,2,2,2.8284271247461903,2.8260417198217542,0.9991566320010278,True,outward,right_middle,0.7880265712738037
255,270,300,90,65.0,-42.0,77.38862965578342,-32.868678933367505,-8,3,8.54400374531753,-8.34747950536585,0.9769985775042077,True,inward,right_middle,0.8035393953323364
255,270,250,140,15.0,8.0,17.0,28.072486935852957,8,6,10.0,9.882352941176471,0.9882352941176471,True,outward,right_middle,0.6911805272102356
255,270,290,180,55.0,48.0,73.0,41.112090439166934,3,4,5.0,4.890410958904109,0.9780821917808218,True,outward,right_lower,0.5562968850135803
270,285,380,60,145.0,-72.0,161.8919392681427,-26.406775945663863,-2,2,2.8284271247461903,-2.6808005510463553,0.9478061243267555,True,inward,right_upper,0.615749180316925
270,285,390,70,155.0,-62.0,166.94010902116963,-21.80140948635181,-6,2,6.324555320336759,-6.313641498019763,0.9982743731749958,True,inward,right_upper,0.5774765014648438
285,300,240,50,5.0,-82.0,82.15229759416349,-86.5106750942036,-5,-8,9.433981132056603,7.6808563908604475,0.8141691490945376,True,outward,right_upper,0.7879179120063782
285,300,240,90,5.0,-42.0,42.2965719651132,-83.21102542556122,-8,8,11.313708498984761,-8.889609311840449,0.7857378783126824,True,inward,right_middle,0.7316046357154846
285,300,280,110,45.0,-22.0,50.08991914547278,-26.05349531049095,-7,0,7.0,-6.288690526434405,0.8983843609192007,True,inward,right_middle,0.7266011834144592
285,300,330,110,95.0,-22.0,97.51410154434076,-13.03865658302297,-4,-2,4.47213595499958,-3.4456554967818374,0.7704719917849996,True,inward,right_middle,0.6354527473449707
285,300,260,120,25.0,-12.0,27.730849247724095,-25.641005824305285,1,-1,1.4142135623730951,1.3342541250530449,0.9434601396511317,True,outward,right_middle,0.5679126977920532
285,300,330,120,95.0,-12.0,95.75489543621255,-7.199233638367645,-4,-1,4.123105625617661,-3.8431455470090765,0.9320997073494461,True,inward,right_middle,0.6700704097747803
285,300,280,200,45.0,68.0,81.54140052758476,56.504815326258814,-1,-5,5.0990195135927845,-4.721527929481145,0.9259678094768347,True,inward,right_lower,0.7086459398269653
285,300,250,220,15.0,88.0,89.26925562588724,80.32664456759652,1,1,1.4142135623730951,1.1538126903584371,0.8158687775715451,True,outward,right_lower,0.6533685326576233
300,315,230,60,-5.0,-72.0,72.17340230306452,-93.97249594075066,5,-8,9.433981132056603,7.634391374349886,0.8092438671949721,True,outward,left_upper,0.6481792330741882
300,315,300,60,65.0,-72.0,97.0,-47.92497794915637,-1,6,6.082762530298219,-5.123711340206185,0.8423329555748719,True,inward,right_upper,0.7092869877815247
300,315,380,60,145.0,-72.0,161.8919392681427,-26.406775945663863,-5,-1,5.0990195135927845,-4.033554746159608,0.7910451676851014,True,inward,right_upper,0.6705292463302612
300,315,170,70,-65.0,-62.0,89.8276126811795,-136.35319195377969,3,6,6.708203932499369,-6.312090270198138,0.9409508616185367,True,inward,left_upper,0.59477299451828
300,315,320,70,85.0,-62.0,105.20931517693668,-36.10745129175187,8,-4,8.94427190999916,8.82051174308404,0.9861631926935537,True,outward,right_upper,0.6144888401031494
300,315,270,80,35.0,-52.0,62.68173577685928,-56.05641298024819,0,1,1.0,-0.8295877476194151,0.8295877476194151,True,inward,right_upper,0.6854982376098633
300,315,300,90,65.0,-42.0,77.38862965578342,-32.868678933367505,-1,0,1.0,-0.839916668496564,0.839916668496564,True,inward,right_middle,0.8476654887199402
300,315,260,100,25.0,-32.0,40.607881008493905,-52.00126755749534,0,-1,1.0,0.7880243737245634,0.7880243737245634,True,outward,right_middle,0.8801656365394592
300,315,230,110,-5.0,-22.0,22.561028345356956,-102.80426606528675,-3,-8,8.54400374531753,8.465926157098583,0.9908617095045472,True,outward,left_middle,0.7473937273025513
300,315,390,110,155.0,-22.0,156.55350523063993,-8.078344663164005,2,1,2.23606797749979,1.839626647616153,0.8227060474579538,True,outward,right_middle,0.8374814391136169
300,315,230,120,-5.0,-12.0,13.0,-112.61986494804043,-1,-3,3.1622776601683795,3.1538461538461537,0.9973337235915657,True,outward,left_middle,0.7537192702293396
300,315,220,150,-15.0,18.0,23.430749027719962,129.8055710922652,0,1,1.0,0.7682212795973759,0.7682212795973759,True,outward,left_middle,0.6232494115829468
300,315,200,160,-35.0,28.0,44.82186966202994,141.34019174590992,8,-3,8.54400374531753,-8.121035618207516,0.9504953251756452,True,inward,left_middle,0.6970198750495911
300,315,230,170,-5.0,38.0,38.3275357934736,97.49585763972986,-4,8,8.94427190999916,8.4534524146259,0.9451247121831625,True,outward,left_middle,0.8401671051979065
300,315,280,170,45.0,38.0,58.89821729050889,40.17923392190735,-2,-2,2.8284271247461903,-2.8184214673463464,0.9964624659011705,True,inward,right_middle,0.6934459209442139
300,315,360,170,125.0,38.0,130.64838307457157,16.909271810540783,6,1,6.082762530298219,6.031456199119011,0.9915652911117849,True,outward,right_middle,0.7316929697990417
300,315,390,170,155.0,38.0,159.5900999435742,13.775018319674606,-3,-1,3.1622776601683795,-3.1518245817117996,0.996694446351677,True,inward,right_middle,0.6305602192878723
300,315,300,180,65.0,48.0,80.80222769206304,36.44444175658711,-1,0,1.0,-0.8044332669603459,0.8044332669603459,True,inward,right_lower,0.6359270215034485
300,315,270,200,35.0,68.0,76.47875521999558,62.76485330069748,-1,-3,3.1622776601683795,-3.1250508629815252,0.9882278530896391,True,inward,right_lower,0.6648497581481934
300,315,280,200,45.0,68.0,81.54140052758476,56.504815326258814,-1,-5,5.0990195135927845,-4.721527929481145,0.9259678094768347,True,inward,right_lower,0.6836056113243103
300,315,320,210,85.0,78.0,115.36463929644994,42.54095600989538,1,2,2.23606797749979,2.089028331989213,0.9342418714501757,True,outward,right_lower,0.7075077891349792
315,330,230,60,-5.0,-72.0,72.17340230306452,-93.97249594075066,0,-5,5.0,4.9879871048384015,0.9975974209676803,True,outward,left_upper,0.6069288849830627
315,330,240,60,5.0,-72.0,72.17340230306452,-86.02750405924934,-5,-7,8.602325267042627,6.636793953382206,0.7715116259099388,True,outward,right_upper,0.7083327770233154
315,330,250,70,15.0,-62.0,63.788713735268246,-76.39945748334125,1,8,8.06225774829855,-7.540518876054074,0.9352862574562836,True,inward,right_upper,0.5931679010391235
315,330,330,70,95.0,-62.0,113.44161493913951,-33.12973546841209,7,-2,7.280109889280518,6.955119604241283,0.9553591511691655,True,outward,right_upper,0.6182299852371216
315,330,250,80,15.0,-52.0,54.120236510939236,-73.90918365114783,0,7,7.0,-6.7257651382662615,0.9608235911808946,True,inward,right_upper,0.6529935598373413
315,330,310,90,75.0,-42.0,85.95929269136641,-29.248826336546973,-8,5,9.433981132056603,-9.423064972256977,0.9988428893754586,True,inward,right_middle,0.6225095987319946
315,330,230,110,-5.0,-22.0,22.561028345356956,-102.80426606528675,-2,-3,3.605551275463989,3.3686407745523157,0.9342928493282388,True,outward,left_middle,0.7094289064407349
315,330,240,110,5.0,-22.0,22.561028345356956,-77.19573393471325,1,-8,8.06225774829855,8.022683949920646,0.9950914744215099,True,outward,right_middle,0.6694064736366272
315,330,260,110,25.0,-22.0,33.301651610693426,-41.34777721969367,6,-8,10.0,9.78930426067273,0.9789304260672729,True,outward,right_middle,0.7896184325218201
315,330,270,110,35.0,-22.0,41.340053217188775,-32.15229514128234,3,-8,8.54400374531753,6.797282009379781,0.7955616841934292,True,outward,right_middle,0.7871276140213013
315,330,280,110,45.0,-22.0,50.08991914547278,-26.05349531049095,7,-8,10.63014581273465,9.802371582473945,0.9221295507283587,True,outward,right_middle,0.6829866766929626
315,330,250,140,15.0,8.0,17.0,28.072486935852957,5,3,5.830951894845301,5.823529411764706,0.9987270546534337,True,outward,right_middle,0.6732480525970459
315,330,240,160,5.0,28.0,28.442925306655784,79.8753283446022,2,3,3.605551275463989,3.304864003492761,0.9166043556175655,True,outward,right_middle,0.5962638854980469
315,330,270,190,35.0,58.0,67.7421582177598,58.891191171454864,1,1,1.4142135623730951,1.372852628950024,0.9707534035003411,True,outward,right_lower,0.7629545331001282
315,330,280,200,45.0,68.0,81.54140052758476,56.504815326258814,-6,-7,9.219544457292887,-9.148726845176453,0.992318751490979,True,inward,right_lower,0.6966649889945984
330,345,240,60,5.0,-72.0,72.17340230306452,-86.02750405924934,-3,-8,8.54400374531753,7.772946571706509,0.90975458384676,True,outward,right_upper,0.7402399182319641
330,345,320,70,85.0,-62.0,105.20931517693668,-36.10745129175187,-1,0,1.0,-0.807913252329896,0.807913252329896,True,inward,right_upper,0.6160466074943542
330,345,160,120,-75.0,-12.0,75.95393340703298,-170.90972307917767,-5,-2,5.385164807134504,5.253184161796873,0.9754918094312031,True,outward,left_middle,0.7283692359924316
330,345,230,180,-5.0,48.0,48.25971404805462,95.9468630539735,0,1,1.0,0.9946184088907778,0.9946184088907778,True,outward,left_lower,0.7942851185798645
330,345,320,190,85.0,58.0,102.90286682109493,34.30778784471597,2,5,5.385164807134504,4.470235030475368,0.8301018057150272,True,outward,right_lower,0.6145662665367126
330,345,270,200,35.0,68.0,76.47875521999558,62.76485330069748,6,4,7.211102550927978,6.302403832456465,0.8739861606385593,True,outward,right_lower,0.6392530202865601
330,345,380,220,145.0,88.0,169.61426826773743,31.253419279169655,2,6,6.324555320336759,4.822707478292927,0.7625370060066351,True,outward,right_lower,0.7221128940582275
345,360,300,60,65.0,-72.0,97.0,-47.92497794915637,-1,5,5.0990195135927845,-4.381443298969073,0.8592717261209095,True,inward,right_upper,0.72185879945755
345,360,210,80,-25.0,-52.0,57.697486947006624,-115.6768156818382,-4,-3,5.0,4.43693501304707,0.887387002609414,True,outward,left_upper,0.7258052229881287
345,360,240,110,5.0,-22.0,22.561028345356956,-77.19573393471325,-2,6,6.324555320336759,-6.294039341926695,0.9951750001597837,True,inward,right_middle,0.5831749439239502
345,360,250,120,15.0,-12.0,19.209372712298546,-38.65980825409009,8,-4,8.94427190999916,8.74573066576194,0.9778024140774094,True,outward,right_middle,0.7075161933898926
345,360,250,140,15.0,8.0,17.0,28.072486935852957,3,5,5.830951894845301,5.0,0.8574929257125441,True,outward,right_middle,0.7020319104194641
360,375,240,60,5.0,-72.0,72.17340230306452,-86.02750405924934,-2,-8,8.246211251235321,7.84222417038482,0.95100937041966,True,outward,right_upper,0.7100438475608826
360,375,230,110,-5.0,-22.0,22.561028345356956,-102.80426606528675,-5,-8,9.433981132056603,8.90916836427652,0.9443699578752841,True,outward,left_middle,0.768076479434967
375,390,190,20,-45.0,-112.0,120.70211265756701,-111.8895567699047,3,5,5.830951894845301,-5.757977094996848,0.9874849250749326,True,inward,left_upper,0.6903232932090759
375,390,270,20,35.0,-112.0,117.34138229968147,-72.64597536373867,-5,5,7.0710678118654755,-6.263774855854883,0.8858315352801553,True,inward,right_upper,0.6072961688041687
375,390,220,50,-15.0,-82.0,83.3606621854697,-100.3663226034505,-2,-3,3.605551275463989,3.3109141981852988,0.9182823777091412,True,outward,left_upper,0.6356585621833801
375,390,230,60,-5.0,-72.0,72.17340230306452,-93.97249594075066,5,-8,9.433981132056603,7.634391374349886,0.8092438671949721,True,outward,left_upper,0.6403801441192627
375,390,210,70,-25.0,-62.0,66.85057965343307,-111.96056402009647,0,7,7.0,-6.4920903042268865,0.9274414720324123,True,inward,left_upper,0.6276898384094238
375,390,230,150,-5.0,18.0,18.681541692269406,105.52411099675426,-1,3,3.1622776601683795,3.1581975926759163,0.9987097693716604,True,outward,left_middle,0.7512787580490112
375,390,430,150,195.0,18.0,195.82900704441107,5.2738959573517645,-3,-3,4.242640687119285,-3.2630508097050424,0.7691084516328968,True,inward,right_middle,0.6850130558013916
375,390,240,210,5.0,78.0,78.16009211867653,86.33221194446858,0,-8,8.0,-7.983613927329211,0.9979517409161514,True,inward,right_lower,0.552229106426239
390,405,220,40,-15.0,-92.0,93.2148056909416,-99.26022153117148,-1,-7,7.0710678118654755,7.069692363946429,0.9998054822898547,True,outward,left_upper,0.7456031441688538
390,405,210,80,-25.0,-52.0,57.697486947006624,-115.6768156818382,7,8,10.63014581273465,-10.243080440276636,0.9635879526700076,True,inward,left_upper,0.7649503350257874
390,405,320,100,85.0,-32.0,90.82400563727631,-20.62987994612618,-2,0,2.0,-1.8717518436582585,0.9358759218291293,True,inward,right_middle,0.7183871269226074
390,405,230,110,-5.0,-22.0,22.561028345356956,-102.80426606528675,-5,-7,8.602325267042627,7.934035508485059,0.9223128935710057,True,outward,left_middle,0.7267615795135498
390,405,240,110,5.0,-22.0,22.561028345356956,-77.19573393471325,1,-8,8.06225774829855,8.022683949920646,0.9950914744215099,True,outward,right_middle,0.6673510074615479
390,405,330,110,95.0,-22.0,97.51410154434076,-13.03865658302297,-2,-1,2.23606797749979,-1.7228277483909187,0.7704719917849996,True,inward,right_middle,0.6536892056465149
390,405,260,120,25.0,-12.0,27.730849247724095,-25.641005824305285,5,-2,5.385164807134504,5.37307742251091,0.9977554290246456,True,outward,right_middle,0.6466982960700989
390,405,260,130,25.0,-2.0,25.079872407968907,-4.573921259900861,6,4,7.211102550927978,5.661910782085189,0.7851657554580987,True,outward,right_middle,0.7139194011688232
390,405,210,150,-25.0,18.0,30.805843601498726,144.24611274556327,4,-1,4.123105625617661,-3.8304420916510535,0.9290186668640669,True,inward,left_middle,0.6351490616798401
390,405,230,150,-5.0,18.0,18.681541692269406,105.52411099675426,0,8,8.0,7.708143277039524,0.9635179096299405,True,outward,left_middle,0.718059778213501
390,405,210,160,-25.0,28.0,37.53664875824692,131.76029970389789,4,-3,5.0,-4.901876062113153,0.9803752124226307,True,inward,left_middle,0.6875818371772766
390,405,240,170,5.0,38.0,38.3275357934736,82.50414236027014,0,-3,3.0,-2.9743628866276315,0.9914542955425438,True,inward,right_middle,0.6264888644218445
390,405,230,180,-5.0,48.0,48.25971404805462,95.9468630539735,-2,-3,3.605551275463989,-2.776643058153421,0.7701022246025615,True,inward,left_lower,0.7843283414840698
390,405,240,180,5.0,48.0,48.25971404805462,84.05313694602651,0,-4,4.0,-3.978473635563111,0.9946184088907778,True,inward,right_lower,0.5900413393974304
390,405,240,200,5.0,68.0,68.18357573492314,85.79464299829141,4,6,7.211102550927978,6.277171523886235,0.8704870690097788,True,outward,right_lower,0.5672464370727539
390,405,250,210,15.0,78.0,79.42921376924235,79.11447294534128,2,4,4.47213595499958,4.305720575222838,0.9627883898317763,True,outward,right_lower,0.651827335357666
405,420,250,120,15.0,-12.0,19.209372712298546,-38.65980825409009,7,-4,8.06225774829855,7.96486185631891,0.9879195263882262,True,outward,right_middle,0.6166417598724365
405,420,290,130,55.0,-2.0,55.036351623268054,-2.0825652797308845,-5,0,5.0,-4.996697489732161,0.9993394979464322,True,inward,right_middle,0.5552043914794922
420,435,250,60,15.0,-72.0,73.54590403278758,-78.23171106797936,-4,7,8.06225774829855,-7.66867995461124,0.9511826828197883,True,inward,right_upper,0.6965795159339905
420,435,410,60,175.0,-72.0,189.2326610286924,-22.363666015473477,-7,5,8.602325267042627,-8.375932523401309,0.973682378122962,True,inward,right_upper,0.5691983103752136
420,435,100,70,-135.0,-62.0,148.5563866011825,-155.332608771966,-6,0,6.0,5.452475107479172,0.9087458512465286,True,outward,left_upper,0.6203442811965942
420,435,240,80,5.0,-52.0,52.23983154643591,-84.50767544287257,7,-8,10.63014581273465,8.633259079312053,0.812148697807101,True,outward,right_upper,0.660053014755249
420,435,250,80,15.0,-52.0,54.120236510939236,-73.90918365114783,0,-3,3.0,2.8824707735426833,0.9608235911808944,True,outward,right_upper,0.6808849573135376
420,435,240,90,5.0,-42.0,42.2965719651132,-83.21102542556122,7,-8,10.63014581273465,8.771396422055338,0.8251435659092675,True,outward,right_middle,0.667760968208313
420,435,260,90,25.0,-42.0,48.877397639399746,-59.23728046576109,0,8,8.0,-6.874343075277654,0.8592928844097067,True,inward,right_middle,0.7282088398933411
420,435,250,100,15.0,-32.0,35.34119409414458,-64.88516511385544,3,-2,3.605551275463989,3.084219500609896,0.8554085810949937,True,outward,right_middle,0.7818836569786072
420,435,280,130,45.0,-2.0,45.044422518220834,-2.5448043798130953,-4,2,4.47213595499958,-4.084856453106275,0.9134016707474314,True,inward,right_middle,0.785142183303833
420,435,400,130,165.0,-2.0,165.01212076693034,-0.6944602875497745,2,0,2.0,1.9998530924046791,0.9999265462023396,True,outward,right_middle,0.7098972201347351
420,435,220,140,-15.0,8.0,17.0,151.92751306414706,-3,6,6.708203932499369,5.470588235294118,0.8155071447352173,True,outward,left_middle,0.6728030443191528
420,435,220,150,-15.0,18.0,23.430749027719962,129.8055710922652,-1,2,2.23606797749979,2.1766269588592317,0.973417168333576,True,outward,left_middle,0.6075865626335144
420,435,230,150,-5.0,18.0,18.681541692269406,105.52411099675426,-1,2,2.23606797749979,2.1946796830459756,0.9814905920256988,True,outward,left_middle,0.7073779106140137
420,435,200,160,-35.0,28.0,44.82186966202994,141.34019174590992,-3,4,5.0,4.841386618546788,0.9682773237093576,True,outward,left_middle,0.6703274846076965
420,435,210,160,-25.0,28.0,37.53664875824692,131.76029970389789,-3,4,5.0,4.981797954430216,0.9963595908860432,True,outward,left_middle,0.6674274802207947
420,435,370,160,135.0,28.0,137.87313008704777,11.717434703203377,4,4,5.656854249492381,4.7289852604953,0.8359743864568645,True,outward,right_middle,0.6038421988487244
420,435,290,200,55.0,68.0,87.45856161634491,51.03325300620071,-2,-7,7.280109889280518,-6.700316003030216,0.9203591848106565,True,inward,right_lower,0.554567813873291
435,450,270,20,35.0,-112.0,117.34138229968147,-72.64597536373867,-4,5,6.4031242374328485,-5.965499862718936,0.9316545551067793,True,inward,right_upper,0.6279640197753906
435,450,200,30,-35.0,-102.0,107.83784122468327,-108.93900426024007,-1,-3,3.1622776601683795,3.162155289157881,0.9999613028887249,True,outward,left_upper,0.7576282620429993
435,450,370,30,135.0,-102.0,169.2010638264429,-37.0730733173104,3,-1,3.1622776601683795,2.9964350609524097,0.947555965339508,True,outward,right_upper,0.637897789478302
435,450,220,40,-15.0,-92.0,93.2148056909416,-99.26022153117148,-6,-7,9.219544457292887,7.8742855768386635,0.8540861875892262,True,outward,left_upper,0.754122793674469
435,450,360,40,125.0,-92.0,155.2063143045411,-36.353068292046935,4,-7,8.06225774829855,7.370834138585869,0.9142394560805753,True,outward,right_upper,0.5607089400291443
435,450,370,40,135.0,-92.0,163.36768346279504,-34.27370553387477,8,-8,11.313708498984761,11.116029569052262,0.9825274860183787,True,outward,right_upper,0.5718240141868591
435,450,350,50,115.0,-82.0,141.24092891226678,-35.49052078244711,-3,2,3.605551275463989,-3.6037712575238756,0.9995063118496673,True,inward,right_upper,0.6111673712730408
435,450,240,60,5.0,-72.0,72.17340230306452,-86.02750405924934,-3,-7,7.615773105863909,6.775349150738829,0.8896469283626662,True,outward,right_upper,0.7256060838699341
435,450,330,60,95.0,-72.0,119.20151005754919,-37.15829678489694,-2,6,6.324555320336759,-5.218054701653571,0.8250468906287832,True,inward,right_upper,0.7131539583206177
435,450,340,60,105.0,-72.0,127.31457104353767,-34.43898930880361,-4,8,8.94427190999916,-7.823142251796133,0.8746538936333464,True,inward,right_upper,0.7256966829299927
435,450,350,60,115.0,-72.0,135.67977004697494,-32.050145526721174,-3,1,3.1622776601683795,-3.073413227746676,0.9718985990569304,True,inward,right_upper,0.6734426021575928
435,450,380,60,145.0,-72.0,161.8919392681427,-26.406775945663863,-3,3,4.242640687119285,-4.021200826569533,0.9478061243267557,True,inward,right_upper,0.6742922067642212
435,450,390,60,155.0,-72.0,170.90640713560157,-24.915628508403557,-8,6,10.0,-9.783132347246594,0.9783132347246595,True,inward,right_upper,0.5743050575256348
435,450,430,60,195.0,-72.0,207.8677464158401,-20.265697470947504,3,-4,5.0,4.199785753454798,0.8399571506909597,True,outward,right_upper,0.732660174369812
435,450,250,70,15.0,-62.0,63.788713735268246,-76.39945748334125,-5,8,9.433981132056603,-8.95142677386045,0.9488493403324247,True,inward,right_upper,0.666292130947113
435,450,360,70,125.0,-62.0,139.5313584826006,-26.381411486958214,-1,0,1.0,-0.8958559664248331,0.8958559664248331,True,inward,right_upper,0.6199631690979004
435,450,80,80,-155.0,-52.0,163.4900608599801,-161.45422775723222,-1,0,1.0,0.9480698654381727,0.9480698654381727,True,outward,left_upper,0.6872711777687073
435,450,250,80,15.0,-52.0,54.120236510939236,-73.90918365114783,-3,2,3.605551275463989,-2.753129136268332,0.7635806360607197,True,inward,right_upper,0.6514759659767151
435,450,270,90,35.0,-42.0,54.67174773134658,-50.19442890773481,-1,2,2.23606797749979,-2.1766269588592317,0.973417168333576,True,inward,right_middle,0.8535205125808716
435,450,300,90,65.0,-42.0,77.38862965578342,-32.868678933367505,-8,2,8.246211251235321,-7.8047641195680715,0.9464666720002937,True,inward,right_middle,0.7963876128196716
435,450,310,90,75.0,-42.0,85.95929269136641,-29.248826336546973,-8,2,8.246211251235321,-7.957254865461447,0.9649588911840469,True,inward,right_middle,0.5572018623352051
435,450,260,100,25.0,-32.0,40.607881008493905,-52.00126755749534,8,-4,8.94427190999916,8.077249830676774,0.9030639846320966,True,outward,right_middle,0.8167989253997803
435,450,270,100,35.0,-32.0,47.4236228055175,-42.436229788535,-1,2,2.23606797749979,-2.0875672110921446,0.9335884383203377,True,inward,right_middle,0.8736616969108582
435,450,230,110,-5.0,-22.0,22.561028345356956,-102.80426606528675,-3,-6,6.708203932499369,6.515660445515663,0.9712973116319724,True,outward,left_middle,0.6865154504776001
435,450,270,110,35.0,-22.0,41.340053217188775,-32.15229514128234,-1,2,2.23606797749979,-1.9109796396476966,0.8546160755740603,True,inward,right_middle,0.8166851997375488
435,450,110,130,-125.0,-2.0,125.01599897613104,-179.08334574361473,-2,0,2.0,1.9997440491415166,0.9998720245707583,True,outward,left_middle,0.741345226764679
435,450,130,130,-105.0,-2.0,105.01904589168576,-178.9087837747374,7,2,7.280109889280518,-7.036818833435105,0.9665814033654021,True,inward,left_middle,0.717930793762207
435,450,250,140,15.0,8.0,17.0,28.072486935852957,3,4,5.0,4.529411764705882,0.9058823529411765,True,outward,right_middle,0.7146756649017334
435,450,280,140,45.0,8.0,45.70557952810576,10.08059798754232,-7,2,7.280109889280518,-6.541870885066357,0.8985950740522243,True,inward,right_middle,0.7014008164405823
435,450,210,150,-25.0,18.0,30.805843601498726,144.24611274556327,4,-4,5.656854249492381,-5.5833562691862815,0.9870072699305105,True,inward,left_middle,0.6466497182846069
435,450,230,150,-5.0,18.0,18.681541692269406,105.52411099675426,-1,2,2.23606797749979,2.1946796830459756,0.9814905920256988,True,outward,left_middle,0.6793373227119446
435,450,270,150,35.0,18.0,39.35733730830886,27.216111557307478,-4,1,4.123105625617661,-3.099803196651827,0.7518127057895738,True,inward,right_middle,0.7622600793838501
435,450,200,160,-35.0,28.0,44.82186966202994,141.34019174590992,8,-6,10.0,-9.995120760870789,0.9995120760870788,True,inward,left_middle,0.5588352680206299
435,450,210,160,-25.0,28.0,37.53664875824692,131.76029970389789,3,-3,4.242640687119285,-4.235860292804301,0.9984018457335855,True,inward,left_middle,0.6808581352233887
435,450,220,170,-15.0,38.0,40.85339643163099,111.54097591853845,2,7,7.280109889280518,5.776753479847163,0.7934981157843581,True,outward,left_middle,0.7301638722419739
435,450,360,170,125.0,38.0,130.64838307457157,16.909271810540783,4,1,4.123105625617661,4.117923141022878,0.9987430628595633,True,outward,right_middle,0.7327245473861694
435,450,280,180,45.0,48.0,65.79513659838392,46.8476102659946,-5,-7,8.602325267042627,-8.526466073387246,0.9911815478605518,True,inward,right_lower,0.735393226146698
435,450,290,190,55.0,58.0,79.93122043357026,46.52076966114377,-1,-3,3.1622776601683795,-2.864963136529596,0.9059808923853472,True,inward,right_lower,0.5545375347137451
435,450,240,200,5.0,68.0,68.18357573492314,85.79464299829141,0,-2,2.0,-1.994615250580673,0.9973076252903365,True,inward,right_lower,0.6357530355453491
435,450,280,200,45.0,68.0,81.54140052758476,56.504815326258814,-6,-3,6.708203932499369,-5.812998022270293,0.8665505820578807,True,inward,right_lower,0.7302091121673584
435,450,240,210,5.0,78.0,78.16009211867653,86.33221194446858,-1,-5,5.0990195135927845,-5.0537299700241,0.9911179897531371,True,inward,right_lower,0.6033973693847656
435,450,20,220,-215.0,88.0,232.31228981696168,157.7406004320874,5,-2,5.385164807134504,-5.38499276549536,0.9999680526696386,True,inward,left_lower,0.641371488571167
435,450,390,230,155.0,98.0,183.38211472223784,32.303451048387245,-2,-1,2.23606797749979,-2.2248625533519593,0.9949887819777467,True,inward,right_lower,0.7212620973587036
435,450,430,240,195.0,108.0,222.9102958591191,28.979707697928777,6,-1,6.082762530298219,4.764248308526725,0.7832375971930551,True,outward,right_lower,0.7245433330535889
450,465,420,20,185.0,-112.0,216.26141588364763,-31.19093924121872,-1,2,2.23606797749979,-1.8912296413524319,0.8457836078253169,True,inward,right_upper,0.763475775718689
450,465,90,60,-145.0,-72.0,161.8919392681427,-153.59322405433616,-1,0,1.0,0.8956591702804643,0.8956591702804643,True,outward,left_upper,0.8242182731628418
450,465,240,60,5.0,-72.0,72.17340230306452,-86.02750405924934,-4,-7,8.06225774829855,6.706071552060517,0.8317858050960675,True,outward,right_upper,0.7013707160949707
450,465,100,70,-135.0,-62.0,148.5563866011825,-155.332608771966,-2,-1,2.23606797749979,2.234841648991463,0.9994515692185271,True,outward,left_upper,0.6378264427185059
450,465,180,70,-55.0,-62.0,82.87943049997388,-131.57612875506933,1,3,3.1622776601683795,-2.9078385136837537,0.9195392771199358,True,inward,left_upper,0.7395526766777039
450,465,230,110,-5.0,-22.0,22.561028345356956,-102.80426606528675,2,-7,7.280109889280518,6.382687783362282,0.8767295934310511,True,outward,left_middle,0.7331089377403259
450,465,270,110,35.0,-22.0,41.340053217188775,-32.15229514128234,3,-4,5.0,4.6685958285063975,0.9337191657012796,True,outward,right_middle,0.8170048594474792
450,465,30,120,-205.0,-12.0,205.35091916034852,-176.64992360249855,1,0,1.0,-0.9982911244722771,0.9982911244722771,True,inward,left_middle,0.6700349450111389
450,465,350,120,115.0,-12.0,115.62439189029277,-5.957131114708213,4,-4,5.656854249492381,4.393536620560156,0.7766748844473784,True,outward,right_middle,0.6504736542701721
450,465,290,130,55.0,-2.0,55.036351623268054,-2.0825652797308845,-6,4,7.211102550927978,-6.141395460107164,0.8516583167045438,True,inward,right_middle,0.5903735756874084
450,465,250,140,15.0,8.0,17.0,28.072486935852957,3,7,7.615773105863909,5.9411764705882355,0.7801146893430575,True,outward,right_middle,0.7247360944747925
450,465,250,150,15.0,18.0,23.430749027719962,50.19442890773481,3,4,5.0,4.993438317382943,0.9986876634765887,True,outward,right_middle,0.8012906908988953
450,465,40,160,-195.0,28.0,197.0,171.82876644005026,2,0,2.0,-1.9796954314720812,0.9898477157360406,True,inward,left_middle,0.7159432768821716
450,465,30,170,-205.0,38.0,208.4922060893404,169.49851499134869,6,1,6.082762530298219,-5.71724009428544,0.9399084816821118,True,inward,left_middle,0.5665678977966309
450,465,200,170,-35.0,38.0,51.66236541235796,132.6467031338917,4,-4,5.656854249492381,-5.6520834396435085,0.9991566320010278,True,inward,left_middle,0.6774721741676331
450,465,270,170,35.0,38.0,51.66236541235796,47.35329686610831,2,7,7.280109889280518,6.503767245617188,0.8933611366489889,True,outward,right_middle,0.7329406142234802
450,465,290,190,55.0,58.0,79.93122043357026,46.52076966114377,-1,-5,5.0990195135927845,-4.316210838876466,0.8464785881619917,True,inward,right_lower,0.5523441433906555
450,465,240,200,5.0,68.0,68.18357573492314,85.79464299829141,-2,8,8.246211251235321,7.831798116250583,0.9497450256416052,True,outward,right_lower,0.6312528848648071
450,465,310,200,75.0,68.0,101.23734488813898,42.197548480133214,3,3,4.242640687119285,4.237566685238718,0.9988040462874994,True,outward,right_lower,0.5705692172050476
450,465,260,210,25.0,78.0,81.9084855189009,72.22867917709124,1,1,1.4142135623730951,1.2575009701068407,0.889187463311209,True,outward,right_lower,0.6262606978416443
450,465,270,210,35.0,78.0,85.492689745966,65.83337015701451,1,1,1.4142135623730951,1.3217504366252781,0.9346186967740141,True,outward,right_lower,0.6267411708831787
450,465,60,220,-175.0,88.0,195.88006534611938,153.3041367682173,4,-1,4.123105625617661,-4.022869803558656,0.9756892422458887,True,inward,left_lower,0.5930073261260986
465,480,380,60,145.0,-72.0,161.8919392681427,-26.406775945663863,-2,3,3.605551275463989,-3.1255416562890685,0.866869285026837,True,inward,right_upper,0.6222630143165588
465,480,320,70,85.0,-62.0,105.20931517693668,-36.10745129175187,2,-8,8.246211251235321,6.330237953549537,0.7676541093464272,True,outward,right_upper,0.5693948864936829
465,480,280,110,45.0,-22.0,50.08991914547278,-26.05349531049095,8,-5,9.433981132056603,9.383125547378318,0.9946093188054534,True,outward,right_middle,0.693760335445404
465,480,160,120,-75.0,-12.0,75.95393340703298,-170.90972307917767,-8,-3,8.54400374531753,8.373496558653661,0.980043643267676,True,outward,left_middle,0.7675695419311523
465,480,250,140,15.0,8.0,17.0,28.072486935852957,3,7,7.615773105863909,5.9411764705882355,0.7801146893430575,True,outward,right_middle,0.7145967483520508
465,480,370,160,135.0,28.0,137.87313008704777,11.717434703203377,5,4,6.4031242374328485,5.708146319033437,0.8914626840540513,True,outward,right_middle,0.682759702205658
465,480,220,170,-15.0,38.0,40.85339643163099,111.54097591853845,1,-2,2.23606797749979,-2.227476977398694,0.9961579879558485,True,inward,left_middle,0.7047341465950012
465,480,280,200,45.0,68.0,81.54140052758476,56.504815326258814,-7,-7,9.899494936611665,-9.700593746024898,0.9799079456214314,True,inward,right_lower,0.7045974135398865
480,495,330,60,95.0,-72.0,119.20151005754919,-37.15829678489694,7,-4,8.06225774829855,7.994865161858286,0.9916409784276017,True,outward,right_upper,0.698233962059021
480,495,280,120,45.0,-12.0,46.57252408878007,-14.931417178137554,-7,4,8.06225774829855,-7.794295179450054,0.9667633338930344,True,inward,right_middle,0.675186812877655
480,495,280,140,45.0,8.0,45.70557952810576,10.08059798754232,-5,-2,5.385164807134504,-5.272879208364522,0.9791490877639955,True,inward,right_middle,0.68901127576828
495,510,250,140,15.0,8.0,17.0,28.072486935852957,5,6,7.810249675906654,7.235294117647059,0.926384484220365,True,outward,right_middle,0.6312087774276733
495,510,250,150,15.0,18.0,23.430749027719962,50.19442890773481,4,3,5.0,4.865401437450047,0.9730802874900094,True,outward,right_middle,0.7500671744346619
510,525,220,190,-15.0,58.0,59.90826320300064,104.50016676655257,2,-2,2.8284271247461903,-2.4370594671602377,0.861630637691939,True,inward,left_lower,0.5563281178474426
510,525,250,210,15.0,78.0,79.42921376924235,79.11447294534128,0,1,1.0,0.9820064469806474,0.9820064469806474,True,outward,right_lower,0.6047656536102295
525,540,270,80,35.0,-52.0,62.68173577685928,-56.05641298024819,-1,4,4.123105625617661,-3.8767273590676514,0.9402444931269253,True,inward,right_upper,0.693666934967041
540,555,340,60,105.0,-72.0,127.31457104353767,-34.43898930880361,-5,2,5.385164807134504,-5.254700970332944,0.9757734737052587,True,inward,right_upper,0.7511926889419556
540,555,260,70,25.0,-62.0,66.85057965343307,-68.03943597990354,-1,-4,4.123105625617661,3.335797552632709,0.8090497444224438,True,outward,right_upper,0.5560208559036255
540,555,260,80,25.0,-52.0,57.697486947006624,-64.3231843181618,-8,5,9.433981132056603,-7.972617601568954,0.8450957755764482,True,inward,right_upper,0.6371781229972839
570,585,330,60,95.0,-72.0,119.20151005754919,-37.15829678489694,7,-5,8.602325267042627,8.598884355618827,0.9996000021718566,True,outward,right_upper,0.6626949906349182
570,585,250,140,15.0,8.0,17.0,28.072486935852957,5,8,9.433981132056603,8.176470588235293,0.8667041489463767,True,outward,right_middle,0.6118611097335815
